{"De Pinte": "Oost-Vlaanderen", "Moerbeke": "Oost-Vlaanderen", "Brakel": "Oost-Vlaanderen", "Sint-Lievens-Houtem": "Oost-Vlaanderen", "Denderleeuw": "Oost-Vlaanderen", "Laarne": "Oost-Vlaanderen", "Lievegem": "Oost-Vlaanderen", "Knesselare": "Oost-Vlaanderen", "Stekene": "Oost-Vlaanderen", "Kruisem": "Oost-Vlaanderen", "Sint-Niklaas": "Oost-Vlaanderen", "Lokeren": "Oost-Vlaanderen", "Geraardsbergen": "Oost-Vlaanderen", "Zelzate": "Oost-Vlaanderen", "Merelbeke": "Oost-Vlaanderen", "Waarschoot": "Oost-Vlaanderen", "Zulte": "Oost-Vlaanderen", "Lierde": "Oost-Vlaanderen", "Nazareth": "Oost-Vlaanderen", "Buggenhout": "Oost-Vlaanderen", "Wachtebeke": "Oost-Vlaanderen", "Wichelen": "Oost-Vlaanderen", "Gavere": "Oost-Vlaanderen", "Zele": "Oost-Vlaanderen", "Kluisbergen": "Oost-Vlaanderen", "Aalter (voor fusie)": "Oost-Vlaanderen", "Destelbergen": "Oost-Vlaanderen", "Horebeke": "Oost-Vlaanderen", "Wetteren": "Oost-Vlaanderen", "Ninove": "Oost-Vlaanderen", "Lochristi": "Oost-Vlaanderen", "Assenede": "Oost-Vlaanderen", "Herzele": "Oost-Vlaanderen", "Zingem": "Oost-Vlaanderen", "Berlare": "Oost-Vlaanderen", "Hamme": "Oost-Vlaanderen", "Dendermonde": "Oost-Vlaanderen", "Oosterzele": "Oost-Vlaanderen", "Zomergem": "Oost-Vlaanderen", "Maldegem": "Oost-Vlaanderen", "Zottegem": "Oost-Vlaanderen", "Aalter": "Oost-Vlaanderen", "Kruishoutem": "Oost-Vlaanderen", "Deinze": "Oost-Vlaanderen", "Lovendegem": "Oost-Vlaanderen", "Ronse": "Oost-Vlaanderen", "Evergem": "Oost-Vlaanderen", "Melle": "Oost-Vlaanderen", "Erpe-Mere": "Oost-Vlaanderen", "Deinze (voor fusie)": "Oost-Vlaanderen", "Sint-Martens-Latem": "Oost-Vlaanderen", "Beveren": "Oost-Vlaanderen", "Lebbeke": "Oost-Vlaanderen", "Zwalm": "Oost-Vlaanderen", "Temse": "Oost-Vlaanderen", "Gent": "Oost-Vlaanderen", "Maarkedal": "Oost-Vlaanderen", "Nevele": "Oost-Vlaanderen", "Wortegem-Petegem": "Oost-Vlaanderen", "Kaprijke": "Oost-Vlaanderen", "Aalst": "Oost-Vlaanderen", "Oudenaarde": "Oost-Vlaanderen", "Kruibeke": "Oost-Vlaanderen", "Sint-Gillis-Waas": "Oost-Vlaanderen", "Sint-Laureins": "Oost-Vlaanderen", "Waasmunster": "Oost-Vlaanderen", "Lede": "Oost-Vlaanderen", "Eeklo": "Oost-Vlaanderen", "Haaltert": "Oost-Vlaanderen", "Niel": "Antwerpen", "Lier": "Antwerpen", "Meerhout": "Antwerpen", "Sint-Katelijne-Waver": "Antwerpen", "Berlaar": "Antwerpen", "Zandhoven": "Antwerpen", "Zoersel": "Antwerpen", "Brecht": "Antwerpen", "Vosselaar": "Antwerpen", "Brasschaat": "Antwerpen", "Aartselaar": "Antwerpen", "Lille": "Antwerpen", "Rumst": "Antwerpen", "Zwijndrecht": "Antwerpen", "Rijkevorsel": "Antwerpen", "Schelle": "Antwerpen", "Vorselaar": "Antwerpen", "Hulshout": "Antwerpen", "Kontich": "Antwerpen", "Nijlen": "Antwerpen", "Mortsel": "Antwerpen", "Essen": "Antwerpen", "Merksplas": "Antwerpen", "Wommelgem": "Antwerpen", "Schilde": "Antwerpen", "Bonheiden": "Antwerpen", "Herselt": "Antwerpen", "Hemiksem": "Antwerpen", "Boechout": "Antwerpen", "Olen": "Antwerpen", "Balen": "Antwerpen", "Stabroek": "Antwerpen", "Herenthout": "Antwerpen", "Wijnegem": "Antwerpen", "Dessel": "Antwerpen", "Kasterlee": "Antwerpen", "Ranst": "Antwerpen", "Grobbendonk": "Antwerpen", "Herentals": "Antwerpen", "Edegem": "Antwerpen", "Hoogstraten": "Antwerpen", "Arendonk": "Antwerpen", "Willebroek": "Antwerpen", "Laakdal": "Antwerpen", "Kalmthout": "Antwerpen", "Oud-Turnhout": "Antwerpen", "Westerlo": "Antwerpen", "Lint": "Antwerpen", "Schoten": "Antwerpen", "Turnhout": "Antwerpen", "Sint-Amands": "Antwerpen", "Geel": "Antwerpen", "Ravels": "Antwerpen", "Hove": "Antwerpen", "Puurs-Sint-Amands": "Antwerpen", "Beerse": "Antwerpen", "Retie": "Antwerpen", "Malle": "Antwerpen", "Mechelen": "Antwerpen", "Baarle-Hertog": "Antwerpen", "Mol": "Antwerpen", "Duffel": "Antwerpen", "Bornem": "Antwerpen", "Putte": "Antwerpen", "Wuustwezel": "Antwerpen", "Borsbeek": "Antwerpen", "Heist-op-den-Berg": "Antwerpen", "Puurs": "Antwerpen", "Kapellen": "Antwerpen", "Antwerpen": "Antwerpen", "Boom": "Antwerpen", "Geetbets": "Vlaams-Brabant", "Grimbergen": "Vlaams-Brabant", "Opwijk": "Vlaams-Brabant", "Zaventem": "Vlaams-Brabant", "Tielt-Winge": "Vlaams-Brabant", "Rotselaar": "Vlaams-Brabant", "Oud-Heverlee": "Vlaams-Brabant", "Roosdaal": "Vlaams-Brabant", "Boutersem": "Vlaams-Brabant", "Lubbeek": "Vlaams-Brabant", "Merchtem": "Vlaams-Brabant", "Beersel": "Vlaams-Brabant", "Herne": "Vlaams-Brabant", "Kraainem": "Vlaams-Brabant", "Steenokkerzeel": "Vlaams-Brabant", "Dilbeek": "Vlaams-Brabant", "Bekkevoort": "Vlaams-Brabant", "Londerzeel": "Vlaams-Brabant", "Holsbeek": "Vlaams-Brabant", "Kampenhout": "Vlaams-Brabant", "Affligem": "Vlaams-Brabant", "Tervuren": "Vlaams-Brabant", "Huldenberg": "Vlaams-Brabant", "Galmaarden": "Vlaams-Brabant", "Keerbergen": "Vlaams-Brabant", "Linter": "Vlaams-Brabant", "Scherpenheuvel-Zichem": "Vlaams-Brabant", "Bever": "Vlaams-Brabant", "Kortenberg": "Vlaams-Brabant", "Wemmel": "Vlaams-Brabant", "Gooik": "Vlaams-Brabant", "Herent": "Vlaams-Brabant", "Diest": "Vlaams-Brabant", "Hoeilaart": "Vlaams-Brabant", "Liedekerke": "Vlaams-Brabant", "Ternat": "Vlaams-Brabant", "Kortenaken": "Vlaams-Brabant", "Asse": "Vlaams-Brabant", "Leuven": "Vlaams-Brabant", "Bierbeek": "Vlaams-Brabant", "Halle": "Vlaams-Brabant", "Machelen": "Vlaams-Brabant", "Tremelo": "Vlaams-Brabant", "Kapelle-op-den-Bos": "Vlaams-Brabant", "Bertem": "Vlaams-Brabant", "Begijnendijk": "Vlaams-Brabant", "Boortmeerbeek": "Vlaams-Brabant", "Landen": "Vlaams-Brabant", "Drogenbos": "Vlaams-Brabant", "Haacht": "Vlaams-Brabant", "Tienen": "Vlaams-Brabant", "Vilvoorde": "Vlaams-Brabant", "Hoegaarden": "Vlaams-Brabant", "Lennik": "Vlaams-Brabant", "Wezembeek-Oppem": "Vlaams-Brabant", "Linkebeek": "Vlaams-Brabant", "Overijse": "Vlaams-Brabant", "Sint-Genesius-Rode": "Vlaams-Brabant", "Glabbeek": "Vlaams-Brabant", "Meise": "Vlaams-Brabant", "Aarschot": "Vlaams-Brabant", "Zemst": "Vlaams-Brabant", "Zoutleeuw": "Vlaams-Brabant", "Sint-Pieters-Leeuw": "Vlaams-Brabant", "Pepingen": "Vlaams-Brabant", "Lo-Reninge": "West-Vlaanderen", "Staden": "West-Vlaanderen", "Langemark-Poelkapelle": "West-Vlaanderen", "Avelgem": "West-Vlaanderen", "Gistel": "West-Vlaanderen", "Koksijde": "West-Vlaanderen", "De Panne": "West-Vlaanderen", "Oudenburg": "West-Vlaanderen", "Blankenberge": "West-Vlaanderen", "Ieper": "West-Vlaanderen", "Jabbeke": "West-Vlaanderen", "Moorslede": "West-Vlaanderen", "Torhout": "West-Vlaanderen", "Wevelgem": "West-Vlaanderen", "Deerlijk": "West-Vlaanderen", "Ledegem": "West-Vlaanderen", "Pittem": "West-Vlaanderen", "Oostrozebeke": "West-Vlaanderen", "Kuurne": "West-Vlaanderen", "Beernem": "West-Vlaanderen", "Spiere-Helkijn": "West-Vlaanderen", "Brugge": "West-Vlaanderen", "Ingelmunster": "West-Vlaanderen", "Meulebeke": "West-Vlaanderen", "Knokke-Heist": "West-Vlaanderen", "Diksmuide": "West-Vlaanderen", "Kortemark": "West-Vlaanderen", "Mesen": "West-Vlaanderen", "Nieuwpoort": "West-Vlaanderen", "Veurne": "West-Vlaanderen", "Wielsbeke": "West-Vlaanderen", "Bredene": "West-Vlaanderen", "Vleteren": "West-Vlaanderen", "Hooglede": "West-Vlaanderen", "Poperinge": "West-Vlaanderen", "Houthulst": "West-Vlaanderen", "Lendelede": "West-Vlaanderen", "Middelkerke": "West-Vlaanderen", "Heuvelland": "West-Vlaanderen", "Ardooie": "West-Vlaanderen", "Alveringem": "West-Vlaanderen", "Wingene": "West-Vlaanderen", "Koekelare": "West-Vlaanderen", "Zuienkerke": "West-Vlaanderen", "Ruiselede": "West-Vlaanderen", "Anzegem": "West-Vlaanderen", "Wervik": "West-Vlaanderen", "Waregem": "West-Vlaanderen", "Izegem": "West-Vlaanderen", "Ichtegem": "West-Vlaanderen", "Zwevegem": "West-Vlaanderen", "Damme": "West-Vlaanderen", "Dentergem": "West-Vlaanderen", "Menen": "West-Vlaanderen", "Zedelgem": "West-Vlaanderen", "Oostende": "West-Vlaanderen", "Harelbeke": "West-Vlaanderen", "Tielt": "West-Vlaanderen", "Oostkamp": "West-Vlaanderen", "Zonnebeke": "West-Vlaanderen", "Roeselare": "West-Vlaanderen", "De Haan": "West-Vlaanderen", "Lichtervelde": "West-Vlaanderen", "Kortrijk": "West-Vlaanderen", "Ham": "Limburg", "Lommel": "Limburg", "Heers": "Limburg", "Lanaken": "Limburg", "Kinrooi": "Limburg", "Gingelom": "Limburg", "Beringen": "Limburg", "Overpelt": "Limburg", "Halen": "Limburg", "Maaseik": "Limburg", "Herk-de-Stad": "Limburg", "Lummen": "Limburg", "Genk": "Limburg", "Sint-Truiden": "Limburg", "Dilsen-Stokkem": "Limburg", "Kortessem": "Limburg", "Hamont-Achel": "Limburg", "Bocholt": "Limburg", "Meeuwen-Gruitrode": "Limburg", "Tessenderlo": "Limburg", "As": "Limburg", "Houthalen-Helchteren": "Limburg", "Heusden-Zolder": "Limburg", "Zutendaal": "Limburg", "Pelt": "Limburg", "Peer": "Limburg", "Bilzen": "Limburg", "Hoeselt": "Limburg", "Wellen": "Limburg", "Leopoldsburg": "Limburg", "Diepenbeek": "Limburg", "Tongeren": "Limburg", "Hechtel-Eksel": "Limburg", "Voeren": "Limburg", "Herstappe": "Limburg", "Nieuwerkerken": "Limburg", "Neerpelt": "Limburg", "Opglabbeek": "Limburg", "Oudsbergen": "Limburg", "Bree": "Limburg", "Maasmechelen": "Limburg", "Zonhoven": "Limburg", "Riemst": "Limburg", "Borgloon": "Limburg", "Alken": "Limburg", "Hasselt": "Limburg"}